Order ID,Order Date,Product,Quantity Ordered,Price Each,Total Sales,Month,Category
1102,2023-01-01,AirPods,3,699.99,2099.9700000000003,1,AirPods
1435,2023-01-02,HP Laptop,4,999.99,3999.96,1,HP
1860,2023-01-03,HP Laptop,4,1299.99,5199.96,1,HP
1270,2023-01-04,MacBook Pro,1,999.99,999.99,1,MacBook
1106,2023-01-05,Bose Headphones,4,499.99,1999.96,1,Bose
1071,2023-01-06,Apple Watch,3,499.99,1499.97,1,Apple
1700,2023-01-07,MacBook Pro,2,299.99,599.98,1,MacBook
1020,2023-01-08,Google Pixel,1,1299.99,1299.99,1,Google
1614,2023-01-09,MacBook Pro,1,999.99,999.99,1,MacBook
1121,2023-01-10,Google Pixel,2,699.99,1399.98,1,Google
1466,2023-01-11,iPhone 13,4,499.99,1999.96,1,iPhone
1214,2023-01-12,HP Laptop,2,499.99,999.98,1,HP
1330,2023-01-13,iPhone 13,4,699.99,2799.96,1,iPhone
1458,2023-01-14,Sony TV,2,999.99,1999.98,1,Sony
1087,2023-01-15,Bose Headphones,3,999.99,2999.9700000000003,1,Bose
1372,2023-01-16,Apple Watch,4,1299.99,5199.96,1,Apple
1099,2023-01-17,Google Pixel,3,1299.99,3899.9700000000003,1,Google
1871,2023-01-18,Apple Watch,1,299.99,299.99,1,Apple
1663,2023-01-19,Google Pixel,2,499.99,999.98,1,Google
1130,2023-01-20,AirPods,1,1299.99,1299.99,1,AirPods
1661,2023-01-21,MacBook Pro,1,999.99,999.99,1,MacBook
1308,2023-01-22,Sony TV,1,699.99,699.99,1,Sony
1769,2023-01-23,HP Laptop,1,999.99,999.99,1,HP
1343,2023-01-24,Google Pixel,2,499.99,999.98,1,Google
1491,2023-01-25,Apple Watch,1,999.99,999.99,1,Apple
1413,2023-01-26,Sony TV,2,299.99,599.98,1,Sony
1805,2023-01-27,Galaxy S21,2,499.99,999.98,1,Galaxy
1385,2023-01-28,Galaxy S21,3,699.99,2099.9700000000003,1,Galaxy
1191,2023-01-29,iPhone 13,4,299.99,1199.96,1,iPhone
1955,2023-01-30,HP Laptop,4,499.99,1999.96,1,HP
1276,2023-01-31,AirPods,2,699.99,1399.98,1,AirPods
1160,2023-02-01,Apple Watch,3,299.99,899.97,2,Apple
1459,2023-02-02,MacBook Pro,2,299.99,599.98,2,MacBook
1313,2023-02-03,MacBook Pro,2,499.99,999.98,2,MacBook
1021,2023-02-04,Apple Watch,2,1299.99,2599.98,2,Apple
1252,2023-02-05,Bose Headphones,3,299.99,899.97,2,Bose
1747,2023-02-06,AirPods,4,299.99,1199.96,2,AirPods
1856,2023-02-07,Sony TV,3,699.99,2099.9700000000003,2,Sony
1560,2023-02-08,Google Pixel,1,999.99,999.99,2,Google
1474,2023-02-09,Bose Headphones,3,499.99,1499.97,2,Bose
1058,2023-02-10,Google Pixel,3,499.99,1499.97,2,Google
1510,2023-02-11,Google Pixel,3,1299.99,3899.9700000000003,2,Google
1681,2023-02-12,Bose Headphones,3,1299.99,3899.9700000000003,2,Bose
1475,2023-02-13,iPhone 13,4,499.99,1999.96,2,iPhone
1699,2023-02-14,Galaxy S21,1,1299.99,1299.99,2,Galaxy
1975,2023-02-15,Google Pixel,4,699.99,2799.96,2,Google
1782,2023-02-16,Bose Headphones,4,499.99,1999.96,2,Bose
1189,2023-02-17,Bose Headphones,3,1299.99,3899.9700000000003,2,Bose
1957,2023-02-18,Dell XPS,2,499.99,999.98,2,Dell
1686,2023-02-19,iPhone 13,2,999.99,1999.98,2,iPhone
1957,2023-02-20,HP Laptop,4,299.99,1199.96,2,HP
1562,2023-02-21,Dell XPS,4,499.99,1999.96,2,Dell
1875,2023-02-22,Dell XPS,3,299.99,899.97,2,Dell
1566,2023-02-23,Apple Watch,4,1299.99,5199.96,2,Apple
1243,2023-02-24,Galaxy S21,3,299.99,899.97,2,Galaxy
1831,2023-02-25,Bose Headphones,2,499.99,999.98,2,Bose
1504,2023-02-26,Galaxy S21,2,999.99,1999.98,2,Galaxy
1130,2023-02-27,AirPods,1,1299.99,1299.99,2,AirPods
1484,2023-02-28,Apple Watch,2,499.99,999.98,2,Apple
1818,2023-03-01,HP Laptop,4,1299.99,5199.96,3,HP
1646,2023-03-02,Galaxy S21,2,699.99,1399.98,3,Galaxy
1020,2023-03-03,MacBook Pro,3,299.99,899.97,3,MacBook
1840,2023-03-04,Google Pixel,2,699.99,1399.98,3,Google
1166,2023-03-05,AirPods,1,499.99,499.99,3,AirPods
1273,2023-03-06,iPhone 13,2,999.99,1999.98,3,iPhone
1387,2023-03-07,HP Laptop,3,1299.99,3899.9700000000003,3,HP
1600,2023-03-08,AirPods,3,299.99,899.97,3,AirPods
1315,2023-03-09,Google Pixel,4,1299.99,5199.96,3,Google
1013,2023-03-10,Apple Watch,2,499.99,999.98,3,Apple
1241,2023-03-11,Google Pixel,3,1299.99,3899.9700000000003,3,Google
1776,2023-03-12,Dell XPS,1,299.99,299.99,3,Dell
1345,2023-03-13,Google Pixel,4,499.99,1999.96,3,Google
1564,2023-03-14,Dell XPS,1,1299.99,1299.99,3,Dell
1897,2023-03-15,Apple Watch,2,999.99,1999.98,3,Apple
1339,2023-03-16,Sony TV,2,499.99,999.98,3,Sony
1091,2023-03-17,Dell XPS,2,499.99,999.98,3,Dell
1366,2023-03-18,iPhone 13,4,999.99,3999.96,3,iPhone
1955,2023-03-19,Google Pixel,3,699.99,2099.9700000000003,3,Google
1454,2023-03-20,Google Pixel,4,299.99,1199.96,3,Google
1427,2023-03-21,iPhone 13,1,699.99,699.99,3,iPhone
1508,2023-03-22,MacBook Pro,4,1299.99,5199.96,3,MacBook
1775,2023-03-23,Bose Headphones,1,999.99,999.99,3,Bose
1942,2023-03-24,Sony TV,4,699.99,2799.96,3,Sony
1034,2023-03-25,HP Laptop,3,499.99,1499.97,3,HP
1205,2023-03-26,Dell XPS,1,1299.99,1299.99,3,Dell
1080,2023-03-27,iPhone 13,2,1299.99,2599.98,3,iPhone
1931,2023-03-28,Apple Watch,2,699.99,1399.98,3,Apple
1561,2023-03-29,Dell XPS,4,699.99,2799.96,3,Dell
1871,2023-03-30,Bose Headphones,2,999.99,1999.98,3,Bose
1387,2023-03-31,Apple Watch,1,299.99,299.99,3,Apple
1001,2023-04-01,AirPods,2,699.99,1399.98,4,AirPods
1389,2023-04-02,Google Pixel,3,699.99,2099.9700000000003,4,Google
1565,2023-04-03,AirPods,3,499.99,1499.97,4,AirPods
1105,2023-04-04,Dell XPS,4,1299.99,5199.96,4,Dell
1771,2023-04-05,Bose Headphones,1,299.99,299.99,4,Bose
1821,2023-04-06,Sony TV,3,499.99,1499.97,4,Sony
1476,2023-04-07,Dell XPS,3,999.99,2999.9700000000003,4,Dell
1702,2023-04-08,iPhone 13,1,999.99,999.99,4,iPhone
1401,2023-04-09,Galaxy S21,2,699.99,1399.98,4,Galaxy
1729,2023-04-10,Dell XPS,2,699.99,1399.98,4,Dell
1555,2023-04-11,Google Pixel,4,999.99,3999.96,4,Google
1161,2023-04-12,Google Pixel,2,699.99,1399.98,4,Google
1201,2023-04-13,Dell XPS,1,299.99,299.99,4,Dell
1957,2023-04-14,Apple Watch,3,699.99,2099.9700000000003,4,Apple
1995,2023-04-15,Galaxy S21,2,1299.99,2599.98,4,Galaxy
1269,2023-04-16,iPhone 13,4,699.99,2799.96,4,iPhone
1862,2023-04-17,Dell XPS,2,499.99,999.98,4,Dell
1815,2023-04-18,Apple Watch,1,299.99,299.99,4,Apple
1270,2023-04-19,Google Pixel,4,499.99,1999.96,4,Google
1455,2023-04-20,Google Pixel,2,499.99,999.98,4,Google
1461,2023-04-21,Bose Headphones,4,1299.99,5199.96,4,Bose
1726,2023-04-22,Dell XPS,1,299.99,299.99,4,Dell
1251,2023-04-23,Galaxy S21,3,299.99,899.97,4,Galaxy
1701,2023-04-24,MacBook Pro,1,299.99,299.99,4,MacBook
1295,2023-04-25,Galaxy S21,1,299.99,299.99,4,Galaxy
1724,2023-04-26,Google Pixel,1,299.99,299.99,4,Google
1719,2023-04-27,Google Pixel,1,1299.99,1299.99,4,Google
1748,2023-04-28,AirPods,3,699.99,2099.9700000000003,4,AirPods
1337,2023-04-29,Google Pixel,3,499.99,1499.97,4,Google
1878,2023-04-30,iPhone 13,4,299.99,1199.96,4,iPhone
1052,2023-05-01,HP Laptop,2,699.99,1399.98,5,HP
1791,2023-05-02,Dell XPS,3,699.99,2099.9700000000003,5,Dell
1921,2023-05-03,Galaxy S21,3,499.99,1499.97,5,Galaxy
1216,2023-05-04,HP Laptop,2,1299.99,2599.98,5,HP
1763,2023-05-05,Apple Watch,3,999.99,2999.9700000000003,5,Apple
1187,2023-05-06,MacBook Pro,1,999.99,999.99,5,MacBook
1379,2023-05-07,iPhone 13,1,699.99,699.99,5,iPhone
1492,2023-05-08,Galaxy S21,2,499.99,999.98,5,Galaxy
1040,2023-05-09,HP Laptop,4,999.99,3999.96,5,HP
1156,2023-05-10,MacBook Pro,4,699.99,2799.96,5,MacBook
1014,2023-05-11,AirPods,2,1299.99,2599.98,5,AirPods
1812,2023-05-12,iPhone 13,2,999.99,1999.98,5,iPhone
1064,2023-05-13,iPhone 13,1,699.99,699.99,5,iPhone
1856,2023-05-14,AirPods,4,699.99,2799.96,5,AirPods
1838,2023-05-15,Dell XPS,3,299.99,899.97,5,Dell
1520,2023-05-16,AirPods,1,1299.99,1299.99,5,AirPods
1343,2023-05-17,iPhone 13,2,299.99,599.98,5,iPhone
1128,2023-05-18,iPhone 13,4,499.99,1999.96,5,iPhone
1647,2023-05-19,HP Laptop,3,299.99,899.97,5,HP
1471,2023-05-20,Google Pixel,3,299.99,899.97,5,Google
1062,2023-05-21,MacBook Pro,1,999.99,999.99,5,MacBook
1138,2023-05-22,AirPods,4,699.99,2799.96,5,AirPods
1498,2023-05-23,MacBook Pro,4,1299.99,5199.96,5,MacBook
1592,2023-05-24,AirPods,2,299.99,599.98,5,AirPods
1391,2023-05-25,Apple Watch,4,1299.99,5199.96,5,Apple
1674,2023-05-26,iPhone 13,4,299.99,1199.96,5,iPhone
1418,2023-05-27,Google Pixel,1,499.99,499.99,5,Google
1288,2023-05-28,HP Laptop,4,299.99,1199.96,5,HP
1378,2023-05-29,Google Pixel,3,999.99,2999.9700000000003,5,Google
1772,2023-05-30,Google Pixel,1,699.99,699.99,5,Google
1489,2023-05-31,Google Pixel,1,499.99,499.99,5,Google
1230,2023-06-01,MacBook Pro,2,299.99,599.98,6,MacBook
1040,2023-06-02,AirPods,4,1299.99,5199.96,6,AirPods
1027,2023-06-03,Sony TV,2,499.99,999.98,6,Sony
1134,2023-06-04,Apple Watch,3,499.99,1499.97,6,Apple
1200,2023-06-05,Galaxy S21,1,299.99,299.99,6,Galaxy
1839,2023-06-06,Google Pixel,1,499.99,499.99,6,Google
1779,2023-06-07,Dell XPS,1,1299.99,1299.99,6,Dell
1929,2023-06-08,MacBook Pro,3,499.99,1499.97,6,MacBook
1032,2023-06-09,HP Laptop,3,1299.99,3899.9700000000003,6,HP
1047,2023-06-10,Galaxy S21,2,299.99,599.98,6,Galaxy
1502,2023-06-11,Sony TV,2,699.99,1399.98,6,Sony
1406,2023-06-12,Dell XPS,2,499.99,999.98,6,Dell
1573,2023-06-13,Sony TV,4,699.99,2799.96,6,Sony
1727,2023-06-14,Galaxy S21,1,1299.99,1299.99,6,Galaxy
1804,2023-06-15,Google Pixel,1,499.99,499.99,6,Google
1098,2023-06-16,Dell XPS,2,999.99,1999.98,6,Dell
1683,2023-06-17,Sony TV,1,699.99,699.99,6,Sony
1871,2023-06-18,HP Laptop,2,499.99,999.98,6,HP
1725,2023-06-19,AirPods,4,699.99,2799.96,6,AirPods
1986,2023-06-20,iPhone 13,4,499.99,1999.96,6,iPhone
1546,2023-06-21,AirPods,3,299.99,899.97,6,AirPods
1960,2023-06-22,Galaxy S21,4,699.99,2799.96,6,Galaxy
1738,2023-06-23,MacBook Pro,2,999.99,1999.98,6,MacBook
1612,2023-06-24,iPhone 13,4,999.99,3999.96,6,iPhone
1942,2023-06-25,Apple Watch,3,1299.99,3899.9700000000003,6,Apple
1461,2023-06-26,HP Laptop,1,499.99,499.99,6,HP
1642,2023-06-27,Apple Watch,2,699.99,1399.98,6,Apple
1768,2023-06-28,Dell XPS,1,1299.99,1299.99,6,Dell
1004,2023-06-29,iPhone 13,3,699.99,2099.9700000000003,6,iPhone
1217,2023-06-30,Apple Watch,3,499.99,1499.97,6,Apple
1502,2023-07-01,Apple Watch,3,999.99,2999.9700000000003,7,Apple
1766,2023-07-02,Sony TV,1,299.99,299.99,7,Sony
1397,2023-07-03,AirPods,1,999.99,999.99,7,AirPods
1870,2023-07-04,Sony TV,1,1299.99,1299.99,7,Sony
1794,2023-07-05,iPhone 13,1,299.99,299.99,7,iPhone
1392,2023-07-06,iPhone 13,3,1299.99,3899.9700000000003,7,iPhone
1206,2023-07-07,Galaxy S21,3,499.99,1499.97,7,Galaxy
1014,2023-07-08,Sony TV,2,299.99,599.98,7,Sony
1857,2023-07-09,Bose Headphones,2,1299.99,2599.98,7,Bose
1553,2023-07-10,AirPods,1,499.99,499.99,7,AirPods
1891,2023-07-11,iPhone 13,4,999.99,3999.96,7,iPhone
1460,2023-07-12,Galaxy S21,4,499.99,1999.96,7,Galaxy
1690,2023-07-13,Sony TV,3,699.99,2099.9700000000003,7,Sony
1574,2023-07-14,AirPods,3,499.99,1499.97,7,AirPods
1863,2023-07-15,Sony TV,3,499.99,1499.97,7,Sony
1742,2023-07-16,Apple Watch,2,699.99,1399.98,7,Apple
1240,2023-07-17,Galaxy S21,2,1299.99,2599.98,7,Galaxy
1563,2023-07-18,AirPods,3,1299.99,3899.9700000000003,7,AirPods
1095,2023-07-19,Google Pixel,3,499.99,1499.97,7,Google
1899,2023-07-20,Dell XPS,3,699.99,2099.9700000000003,7,Dell
1733,2023-07-21,Dell XPS,4,699.99,2799.96,7,Dell
1484,2023-07-22,AirPods,2,999.99,1999.98,7,AirPods
1406,2023-07-23,Sony TV,4,1299.99,5199.96,7,Sony
1230,2023-07-24,Galaxy S21,4,299.99,1199.96,7,Galaxy
1748,2023-07-25,Dell XPS,3,1299.99,3899.9700000000003,7,Dell
1654,2023-07-26,Galaxy S21,3,1299.99,3899.9700000000003,7,Galaxy
1170,2023-07-27,Dell XPS,1,999.99,999.99,7,Dell
1540,2023-07-28,Apple Watch,1,299.99,299.99,7,Apple
1035,2023-07-29,Sony TV,4,999.99,3999.96,7,Sony
1524,2023-07-30,Apple Watch,2,299.99,599.98,7,Apple
1159,2023-07-31,Dell XPS,3,499.99,1499.97,7,Dell
1838,2023-08-01,Google Pixel,3,299.99,899.97,8,Google
1698,2023-08-02,Google Pixel,4,999.99,3999.96,8,Google
1242,2023-08-03,Apple Watch,1,1299.99,1299.99,8,Apple
1085,2023-08-04,Google Pixel,2,299.99,599.98,8,Google
1795,2023-08-05,Dell XPS,1,299.99,299.99,8,Dell
1577,2023-08-06,AirPods,1,699.99,699.99,8,AirPods
1681,2023-08-07,Apple Watch,1,1299.99,1299.99,8,Apple
1556,2023-08-08,MacBook Pro,1,499.99,499.99,8,MacBook
1573,2023-08-09,Sony TV,3,999.99,2999.9700000000003,8,Sony
1952,2023-08-10,Google Pixel,3,499.99,1499.97,8,Google
1645,2023-08-11,Google Pixel,1,1299.99,1299.99,8,Google
1795,2023-08-12,iPhone 13,2,299.99,599.98,8,iPhone
1027,2023-08-13,Bose Headphones,4,299.99,1199.96,8,Bose
1619,2023-08-14,Apple Watch,2,1299.99,2599.98,8,Apple
1555,2023-08-15,HP Laptop,2,299.99,599.98,8,HP
1339,2023-08-16,Google Pixel,2,299.99,599.98,8,Google
1797,2023-08-17,Sony TV,1,299.99,299.99,8,Sony
1957,2023-08-18,MacBook Pro,3,999.99,2999.9700000000003,8,MacBook
1330,2023-08-19,Google Pixel,2,999.99,1999.98,8,Google
1639,2023-08-20,MacBook Pro,1,699.99,699.99,8,MacBook
1505,2023-08-21,Dell XPS,2,499.99,999.98,8,Dell
1347,2023-08-22,Dell XPS,2,1299.99,2599.98,8,Dell
1472,2023-08-23,Bose Headphones,1,1299.99,1299.99,8,Bose
1230,2023-08-24,AirPods,3,1299.99,3899.9700000000003,8,AirPods
1189,2023-08-25,HP Laptop,3,699.99,2099.9700000000003,8,HP
1224,2023-08-26,iPhone 13,4,999.99,3999.96,8,iPhone
1384,2023-08-27,Bose Headphones,1,699.99,699.99,8,Bose
1376,2023-08-28,Galaxy S21,4,1299.99,5199.96,8,Galaxy
1282,2023-08-29,iPhone 13,4,499.99,1999.96,8,iPhone
1957,2023-08-30,Apple Watch,4,299.99,1199.96,8,Apple
1632,2023-08-31,Sony TV,3,999.99,2999.9700000000003,8,Sony
1627,2023-09-01,Galaxy S21,1,999.99,999.99,9,Galaxy
1972,2023-09-02,Galaxy S21,4,699.99,2799.96,9,Galaxy
1744,2023-09-03,Bose Headphones,1,999.99,999.99,9,Bose
1258,2023-09-04,AirPods,1,1299.99,1299.99,9,AirPods
1358,2023-09-05,Bose Headphones,3,1299.99,3899.9700000000003,9,Bose
1709,2023-09-06,Apple Watch,4,699.99,2799.96,9,Apple
1455,2023-09-07,Google Pixel,4,1299.99,5199.96,9,Google
1410,2023-09-08,Google Pixel,1,499.99,499.99,9,Google
1648,2023-09-09,AirPods,2,699.99,1399.98,9,AirPods
1317,2023-09-10,Apple Watch,3,499.99,1499.97,9,Apple
1676,2023-09-11,AirPods,3,299.99,899.97,9,AirPods
1224,2023-09-12,MacBook Pro,3,499.99,1499.97,9,MacBook
1818,2023-09-13,Google Pixel,3,299.99,899.97,9,Google
1233,2023-09-14,Galaxy S21,4,299.99,1199.96,9,Galaxy
1683,2023-09-15,HP Laptop,4,499.99,1999.96,9,HP
1663,2023-09-16,Sony TV,2,699.99,1399.98,9,Sony
1974,2023-09-17,Apple Watch,3,1299.99,3899.9700000000003,9,Apple
1826,2023-09-18,iPhone 13,3,1299.99,3899.9700000000003,9,iPhone
1373,2023-09-19,AirPods,1,299.99,299.99,9,AirPods
1671,2023-09-20,Sony TV,4,299.99,1199.96,9,Sony
1607,2023-09-21,iPhone 13,3,699.99,2099.9700000000003,9,iPhone
1471,2023-09-22,Sony TV,2,999.99,1999.98,9,Sony
1232,2023-09-23,HP Laptop,2,499.99,999.98,9,HP
1691,2023-09-24,iPhone 13,4,299.99,1199.96,9,iPhone
1112,2023-09-25,Bose Headphones,2,1299.99,2599.98,9,Bose
1829,2023-09-26,Dell XPS,2,699.99,1399.98,9,Dell
1496,2023-09-27,Bose Headphones,4,499.99,1999.96,9,Bose
1441,2023-09-28,Google Pixel,3,699.99,2099.9700000000003,9,Google
1563,2023-09-29,Dell XPS,3,499.99,1499.97,9,Dell
1267,2023-09-30,Bose Headphones,2,499.99,999.98,9,Bose
1509,2023-10-01,Dell XPS,2,299.99,599.98,10,Dell
1806,2023-10-02,Dell XPS,3,699.99,2099.9700000000003,10,Dell
1385,2023-10-03,Galaxy S21,4,699.99,2799.96,10,Galaxy
1386,2023-10-04,AirPods,2,1299.99,2599.98,10,AirPods
1112,2023-10-05,AirPods,1,1299.99,1299.99,10,AirPods
1612,2023-10-06,Galaxy S21,4,299.99,1199.96,10,Galaxy
1624,2023-10-07,Sony TV,2,299.99,599.98,10,Sony
1951,2023-10-08,MacBook Pro,2,999.99,1999.98,10,MacBook
1080,2023-10-09,Sony TV,1,1299.99,1299.99,10,Sony
1698,2023-10-10,iPhone 13,1,499.99,499.99,10,iPhone
1112,2023-10-11,iPhone 13,3,699.99,2099.9700000000003,10,iPhone
1001,2023-10-12,Dell XPS,4,299.99,1199.96,10,Dell
1641,2023-10-13,Bose Headphones,4,699.99,2799.96,10,Bose
1219,2023-10-14,Bose Headphones,3,699.99,2099.9700000000003,10,Bose
1565,2023-10-15,AirPods,4,999.99,3999.96,10,AirPods
1854,2023-10-16,Apple Watch,4,1299.99,5199.96,10,Apple
1996,2023-10-17,Sony TV,4,299.99,1199.96,10,Sony
1735,2023-10-18,Google Pixel,4,699.99,2799.96,10,Google
1224,2023-10-19,HP Laptop,4,299.99,1199.96,10,HP
1384,2023-10-20,Bose Headphones,1,499.99,499.99,10,Bose
1402,2023-10-21,HP Laptop,4,999.99,3999.96,10,HP
1637,2023-10-22,Dell XPS,1,499.99,499.99,10,Dell
1129,2023-10-23,HP Laptop,4,299.99,1199.96,10,HP
1052,2023-10-24,Google Pixel,3,299.99,899.97,10,Google
1683,2023-10-25,Galaxy S21,2,1299.99,2599.98,10,Galaxy
1729,2023-10-26,Google Pixel,1,699.99,699.99,10,Google
1671,2023-10-27,HP Laptop,4,699.99,2799.96,10,HP
1709,2023-10-28,Google Pixel,3,499.99,1499.97,10,Google
1415,2023-10-29,MacBook Pro,2,999.99,1999.98,10,MacBook
1246,2023-10-30,Dell XPS,1,699.99,699.99,10,Dell
1835,2023-10-31,Sony TV,2,1299.99,2599.98,10,Sony
1438,2023-11-01,Galaxy S21,3,499.99,1499.97,11,Galaxy
1202,2023-11-02,Bose Headphones,1,499.99,499.99,11,Bose
1183,2023-11-03,iPhone 13,2,1299.99,2599.98,11,iPhone
1122,2023-11-04,Sony TV,4,999.99,3999.96,11,Sony
1400,2023-11-05,iPhone 13,1,1299.99,1299.99,11,iPhone
1766,2023-11-06,Dell XPS,2,999.99,1999.98,11,Dell
1293,2023-11-07,Galaxy S21,3,1299.99,3899.9700000000003,11,Galaxy
1279,2023-11-08,AirPods,3,1299.99,3899.9700000000003,11,AirPods
1836,2023-11-09,Bose Headphones,1,299.99,299.99,11,Bose
1883,2023-11-10,MacBook Pro,2,499.99,999.98,11,MacBook
1609,2023-11-11,AirPods,1,1299.99,1299.99,11,AirPods
1197,2023-11-12,Dell XPS,1,1299.99,1299.99,11,Dell
1981,2023-11-13,Sony TV,2,699.99,1399.98,11,Sony
1906,2023-11-14,MacBook Pro,2,499.99,999.98,11,MacBook
1510,2023-11-15,Google Pixel,4,699.99,2799.96,11,Google
1751,2023-11-16,HP Laptop,2,499.99,999.98,11,HP
1143,2023-11-17,MacBook Pro,3,699.99,2099.9700000000003,11,MacBook
1608,2023-11-18,Dell XPS,1,1299.99,1299.99,11,Dell
1200,2023-11-19,Apple Watch,1,1299.99,1299.99,11,Apple
1123,2023-11-20,HP Laptop,3,299.99,899.97,11,HP
1186,2023-11-21,iPhone 13,2,699.99,1399.98,11,iPhone
1325,2023-11-22,Bose Headphones,3,999.99,2999.9700000000003,11,Bose
1463,2023-11-23,iPhone 13,3,299.99,899.97,11,iPhone
1348,2023-11-24,MacBook Pro,4,699.99,2799.96,11,MacBook
1770,2023-11-25,iPhone 13,3,699.99,2099.9700000000003,11,iPhone
1659,2023-11-26,Dell XPS,1,299.99,299.99,11,Dell
1763,2023-11-27,Google Pixel,3,1299.99,3899.9700000000003,11,Google
1954,2023-11-28,Sony TV,1,699.99,699.99,11,Sony
1931,2023-11-29,Bose Headphones,1,1299.99,1299.99,11,Bose
1402,2023-11-30,iPhone 13,1,299.99,299.99,11,iPhone
1345,2023-12-01,iPhone 13,2,1299.99,2599.98,12,iPhone
1962,2023-12-02,MacBook Pro,4,499.99,1999.96,12,MacBook
1510,2023-12-03,Sony TV,1,999.99,999.99,12,Sony
1146,2023-12-04,AirPods,1,699.99,699.99,12,AirPods
1147,2023-12-05,iPhone 13,2,999.99,1999.98,12,iPhone
1863,2023-12-06,Dell XPS,1,1299.99,1299.99,12,Dell
1710,2023-12-07,Apple Watch,3,699.99,2099.9700000000003,12,Apple
1819,2023-12-08,Bose Headphones,3,1299.99,3899.9700000000003,12,Bose
1488,2023-12-09,iPhone 13,4,499.99,1999.96,12,iPhone
1928,2023-12-10,Dell XPS,1,299.99,299.99,12,Dell
1935,2023-12-11,Dell XPS,2,699.99,1399.98,12,Dell
1639,2023-12-12,Bose Headphones,3,499.99,1499.97,12,Bose
1550,2023-12-13,AirPods,2,499.99,999.98,12,AirPods
1337,2023-12-14,Dell XPS,2,699.99,1399.98,12,Dell
1871,2023-12-15,Apple Watch,3,1299.99,3899.9700000000003,12,Apple
1640,2023-12-16,Dell XPS,2,499.99,999.98,12,Dell
1778,2023-12-17,Dell XPS,3,999.99,2999.9700000000003,12,Dell
1987,2023-12-18,Dell XPS,2,499.99,999.98,12,Dell
1952,2023-12-19,Google Pixel,3,1299.99,3899.9700000000003,12,Google
1472,2023-12-20,Google Pixel,1,1299.99,1299.99,12,Google
1945,2023-12-21,AirPods,4,999.99,3999.96,12,AirPods
1150,2023-12-22,iPhone 13,3,499.99,1499.97,12,iPhone
1414,2023-12-23,Dell XPS,3,1299.99,3899.9700000000003,12,Dell
1989,2023-12-24,Sony TV,4,699.99,2799.96,12,Sony
1297,2023-12-25,iPhone 13,3,299.99,899.97,12,iPhone
1610,2023-12-26,AirPods,3,299.99,899.97,12,AirPods
1262,2023-12-27,Galaxy S21,2,299.99,599.98,12,Galaxy
1763,2023-12-28,iPhone 13,4,499.99,1999.96,12,iPhone
1143,2023-12-29,iPhone 13,1,999.99,999.99,12,iPhone
1345,2023-12-30,HP Laptop,3,1299.99,3899.9700000000003,12,HP
1623,2023-12-31,MacBook Pro,4,699.99,2799.96,12,MacBook
1571,2024-01-01,HP Laptop,2,699.99,1399.98,1,HP
1880,2024-01-02,Apple Watch,1,499.99,499.99,1,Apple
1001,2024-01-03,Google Pixel,4,299.99,1199.96,1,Google
1896,2024-01-04,Google Pixel,1,499.99,499.99,1,Google
1303,2024-01-05,MacBook Pro,1,999.99,999.99,1,MacBook
1253,2024-01-06,Bose Headphones,1,999.99,999.99,1,Bose
1651,2024-01-07,Bose Headphones,3,1299.99,3899.9700000000003,1,Bose
1452,2024-01-08,AirPods,3,1299.99,3899.9700000000003,1,AirPods
1036,2024-01-09,MacBook Pro,2,999.99,1999.98,1,MacBook
1159,2024-01-10,iPhone 13,2,999.99,1999.98,1,iPhone
1008,2024-01-11,Bose Headphones,4,999.99,3999.96,1,Bose
1232,2024-01-12,Dell XPS,2,499.99,999.98,1,Dell
1098,2024-01-13,Sony TV,1,999.99,999.99,1,Sony
1658,2024-01-14,iPhone 13,1,699.99,699.99,1,iPhone
1815,2024-01-15,Apple Watch,3,299.99,899.97,1,Apple
1207,2024-01-16,Dell XPS,1,999.99,999.99,1,Dell
1130,2024-01-17,Dell XPS,4,299.99,1199.96,1,Dell
1403,2024-01-18,MacBook Pro,1,499.99,499.99,1,MacBook
1151,2024-01-19,AirPods,1,299.99,299.99,1,AirPods
1053,2024-01-20,Apple Watch,4,499.99,1999.96,1,Apple
1119,2024-01-21,Bose Headphones,2,699.99,1399.98,1,Bose
1672,2024-01-22,MacBook Pro,2,499.99,999.98,1,MacBook
1919,2024-01-23,Bose Headphones,4,499.99,1999.96,1,Bose
1627,2024-01-24,MacBook Pro,3,1299.99,3899.9700000000003,1,MacBook
1586,2024-01-25,MacBook Pro,1,999.99,999.99,1,MacBook
1624,2024-01-26,MacBook Pro,4,999.99,3999.96,1,MacBook
1967,2024-01-27,AirPods,1,699.99,699.99,1,AirPods
1419,2024-01-28,MacBook Pro,3,699.99,2099.9700000000003,1,MacBook
1421,2024-01-29,Galaxy S21,1,999.99,999.99,1,Galaxy
1103,2024-01-30,Sony TV,4,1299.99,5199.96,1,Sony
1851,2024-01-31,Bose Headphones,1,999.99,999.99,1,Bose
1253,2024-02-01,iPhone 13,2,1299.99,2599.98,2,iPhone
1226,2024-02-02,HP Laptop,3,699.99,2099.9700000000003,2,HP
1111,2024-02-03,Apple Watch,3,299.99,899.97,2,Apple
1509,2024-02-04,Google Pixel,3,699.99,2099.9700000000003,2,Google
1472,2024-02-05,AirPods,4,699.99,2799.96,2,AirPods
1098,2024-02-06,iPhone 13,3,499.99,1499.97,2,iPhone
1152,2024-02-07,Dell XPS,2,499.99,999.98,2,Dell
1860,2024-02-08,Galaxy S21,4,499.99,1999.96,2,Galaxy
1913,2024-02-09,Google Pixel,2,499.99,999.98,2,Google
1895,2024-02-10,HP Laptop,1,1299.99,1299.99,2,HP
1877,2024-02-11,iPhone 13,1,999.99,999.99,2,iPhone
1337,2024-02-12,Google Pixel,1,299.99,299.99,2,Google
1705,2024-02-13,iPhone 13,1,699.99,699.99,2,iPhone
1821,2024-02-14,Galaxy S21,2,1299.99,2599.98,2,Galaxy
1162,2024-02-15,HP Laptop,4,299.99,1199.96,2,HP
1719,2024-02-16,Dell XPS,4,1299.99,5199.96,2,Dell
1956,2024-02-17,MacBook Pro,3,1299.99,3899.9700000000003,2,MacBook
1680,2024-02-18,Bose Headphones,2,699.99,1399.98,2,Bose
1995,2024-02-19,Dell XPS,1,999.99,999.99,2,Dell
1160,2024-02-20,MacBook Pro,2,499.99,999.98,2,MacBook
1579,2024-02-21,AirPods,3,999.99,2999.9700000000003,2,AirPods
1800,2024-02-22,Sony TV,3,699.99,2099.9700000000003,2,Sony
1397,2024-02-23,Apple Watch,2,699.99,1399.98,2,Apple
1276,2024-02-24,Apple Watch,2,699.99,1399.98,2,Apple
1815,2024-02-25,Bose Headphones,2,299.99,599.98,2,Bose
1915,2024-02-26,HP Laptop,4,999.99,3999.96,2,HP
1503,2024-02-27,Galaxy S21,1,999.99,999.99,2,Galaxy
1895,2024-02-28,HP Laptop,2,1299.99,2599.98,2,HP
1391,2024-02-29,Galaxy S21,2,1299.99,2599.98,2,Galaxy
1134,2024-03-01,HP Laptop,2,1299.99,2599.98,3,HP
1194,2024-03-02,Sony TV,3,699.99,2099.9700000000003,3,Sony
1400,2024-03-03,AirPods,3,999.99,2999.9700000000003,3,AirPods
1639,2024-03-04,AirPods,4,699.99,2799.96,3,AirPods
1032,2024-03-05,MacBook Pro,1,299.99,299.99,3,MacBook
1687,2024-03-06,Google Pixel,4,1299.99,5199.96,3,Google
1459,2024-03-07,AirPods,1,699.99,699.99,3,AirPods
1954,2024-03-08,AirPods,3,699.99,2099.9700000000003,3,AirPods
1882,2024-03-09,Dell XPS,3,299.99,899.97,3,Dell
1469,2024-03-10,Dell XPS,3,499.99,1499.97,3,Dell
1374,2024-03-11,MacBook Pro,4,999.99,3999.96,3,MacBook
1021,2024-03-12,Google Pixel,2,499.99,999.98,3,Google
1749,2024-03-13,Bose Headphones,2,1299.99,2599.98,3,Bose
1669,2024-03-14,Dell XPS,3,699.99,2099.9700000000003,3,Dell
1037,2024-03-15,Bose Headphones,2,299.99,599.98,3,Bose
1229,2024-03-16,iPhone 13,2,299.99,599.98,3,iPhone
1364,2024-03-17,Dell XPS,4,999.99,3999.96,3,Dell
1562,2024-03-18,Sony TV,1,499.99,499.99,3,Sony
1437,2024-03-19,Google Pixel,3,999.99,2999.9700000000003,3,Google
1775,2024-03-20,MacBook Pro,3,699.99,2099.9700000000003,3,MacBook
1282,2024-03-21,iPhone 13,4,999.99,3999.96,3,iPhone
1026,2024-03-22,Google Pixel,4,299.99,1199.96,3,Google
1225,2024-03-23,Sony TV,2,299.99,599.98,3,Sony
1276,2024-03-24,Google Pixel,3,1299.99,3899.9700000000003,3,Google
1797,2024-03-25,Sony TV,1,1299.99,1299.99,3,Sony
1608,2024-03-26,Sony TV,4,699.99,2799.96,3,Sony
1283,2024-03-27,Bose Headphones,1,499.99,499.99,3,Bose
1878,2024-03-28,HP Laptop,1,999.99,999.99,3,HP
1959,2024-03-29,iPhone 13,3,699.99,2099.9700000000003,3,iPhone
1480,2024-03-30,Google Pixel,3,1299.99,3899.9700000000003,3,Google
1452,2024-03-31,Galaxy S21,4,999.99,3999.96,3,Galaxy
1828,2024-04-01,iPhone 13,3,1299.99,3899.9700000000003,4,iPhone
1815,2024-04-02,HP Laptop,3,999.99,2999.9700000000003,4,HP
1658,2024-04-03,iPhone 13,3,499.99,1499.97,4,iPhone
1515,2024-04-04,AirPods,1,699.99,699.99,4,AirPods
1546,2024-04-05,Galaxy S21,4,999.99,3999.96,4,Galaxy
1191,2024-04-06,HP Laptop,2,299.99,599.98,4,HP
1048,2024-04-07,Bose Headphones,1,299.99,299.99,4,Bose
1511,2024-04-08,Google Pixel,3,999.99,2999.9700000000003,4,Google
1016,2024-04-09,Apple Watch,1,999.99,999.99,4,Apple
1171,2024-04-10,HP Laptop,3,999.99,2999.9700000000003,4,HP
1219,2024-04-11,MacBook Pro,3,299.99,899.97,4,MacBook
1157,2024-04-12,Google Pixel,1,299.99,299.99,4,Google
1476,2024-04-13,HP Laptop,4,999.99,3999.96,4,HP
1045,2024-04-14,AirPods,3,1299.99,3899.9700000000003,4,AirPods
1372,2024-04-15,Apple Watch,4,1299.99,5199.96,4,Apple
1517,2024-04-16,AirPods,2,499.99,999.98,4,AirPods
1098,2024-04-17,Apple Watch,3,699.99,2099.9700000000003,4,Apple
1891,2024-04-18,MacBook Pro,4,1299.99,5199.96,4,MacBook
1744,2024-04-19,Google Pixel,4,299.99,1199.96,4,Google
1036,2024-04-20,Bose Headphones,2,1299.99,2599.98,4,Bose
1279,2024-04-21,AirPods,4,499.99,1999.96,4,AirPods
1348,2024-04-22,AirPods,4,499.99,1999.96,4,AirPods
1496,2024-04-23,Sony TV,2,699.99,1399.98,4,Sony
1301,2024-04-24,Apple Watch,3,1299.99,3899.9700000000003,4,Apple
1180,2024-04-25,Dell XPS,4,299.99,1199.96,4,Dell
1606,2024-04-26,Google Pixel,4,299.99,1199.96,4,Google
1098,2024-04-27,Apple Watch,4,999.99,3999.96,4,Apple
1699,2024-04-28,Sony TV,1,299.99,299.99,4,Sony
1992,2024-04-29,iPhone 13,2,699.99,1399.98,4,iPhone
1115,2024-04-30,Apple Watch,1,699.99,699.99,4,Apple
1190,2024-05-01,Bose Headphones,2,299.99,599.98,5,Bose
1252,2024-05-02,Google Pixel,3,299.99,899.97,5,Google
1980,2024-05-03,Sony TV,3,999.99,2999.9700000000003,5,Sony
1927,2024-05-04,iPhone 13,4,299.99,1199.96,5,iPhone
1982,2024-05-05,Galaxy S21,2,999.99,1999.98,5,Galaxy
1160,2024-05-06,Sony TV,3,999.99,2999.9700000000003,5,Sony
1255,2024-05-07,Galaxy S21,2,299.99,599.98,5,Galaxy
1322,2024-05-08,Google Pixel,3,499.99,1499.97,5,Google
1127,2024-05-09,AirPods,1,499.99,499.99,5,AirPods
1017,2024-05-10,Sony TV,3,999.99,2999.9700000000003,5,Sony
1792,2024-05-11,MacBook Pro,1,299.99,299.99,5,MacBook
1734,2024-05-12,Galaxy S21,3,499.99,1499.97,5,Galaxy
1565,2024-05-13,Bose Headphones,4,299.99,1199.96,5,Bose
1569,2024-05-14,MacBook Pro,1,299.99,299.99,5,MacBook
